N,jacobi_time,gauss_seidel_time,cholesky_time
100,0.022587783401831985,0.00016597919166088103,0.003931787493638694
200,0.07052798750810325,0.00033922919537872077,0.00015220410423353315
400,0.2539071958977729,0.0006619667052291334,0.0007734209066256881
800,1.0033195917028934,0.0013937124982476234,0.0030489458004012704
1000,1.4390420167008415,0.0020022207987494766,0.005747795896604657
